instancias/Spd_RF2_1000_1047_6011.txt;1000;1047;0.0020961;1.529;
instancias/Spd_RF2_1000_1047_6019.txt;1000;1047;0.0020961;1.529;
instancias/Spd_RF2_1000_1047_6027.txt;1000;1047;0.0020961;1.529;
instancias/Spd_RF2_1000_1047_6035.txt;1000;1047;0.0020961;1.529;
instancias/Spd_RF2_1000_1047_6043.txt;1000;1047;0.0020961;1.529;
instancias/Spd_RF2_1000_1095_6051.txt;1000;1095;0.00219219;1.573;
instancias/Spd_RF2_1000_1095_6059.txt;1000;1095;0.00219219;1.568;
instancias/Spd_RF2_1000_1095_6067.txt;1000;1095;0.00219219;1.573;
instancias/Spd_RF2_1000_1095_6075.txt;1000;1095;0.00219219;1.578;
instancias/Spd_RF2_1000_1095_6083.txt;1000;1095;0.00219219;1.573;
instancias/Spd_RF2_1000_1143_6091.txt;1000;1143;0.00228829;1.607;
instancias/Spd_RF2_1000_1143_6099.txt;1000;1143;0.00228829;1.613;
instancias/Spd_RF2_1000_1143_6107.txt;1000;1143;0.00228829;1.607;
instancias/Spd_RF2_1000_1143_6115.txt;1000;1143;0.00228829;1.607;
instancias/Spd_RF2_1000_1143_6123.txt;1000;1143;0.00228829;1.625;
instancias/Spd_RF2_1000_1191_6131.txt;1000;1191;0.00238438;1.684;
instancias/Spd_RF2_1000_1191_6139.txt;1000;1191;0.00238438;1.671;
instancias/Spd_RF2_1000_1191_6147.txt;1000;1191;0.00238438;1.671;
instancias/Spd_RF2_1000_1191_6155.txt;1000;1191;0.00238438;1.658;
instancias/Spd_RF2_1000_1191_6163.txt;1000;1191;0.00238438;1.664;
instancias/Spd_RF2_1000_1239_6171.txt;1000;1239;0.00248048;1.738;
instancias/Spd_RF2_1000_1239_6179.txt;1000;1239;0.00248048;1.708;
instancias/Spd_RF2_1000_1239_6187.txt;1000;1239;0.00248048;1.738;
instancias/Spd_RF2_1000_1239_6195.txt;1000;1239;0.00248048;1.68;
instancias/Spd_RF2_1000_1239_6203.txt;1000;1239;0.00248048;1.708;
instancias/Spd_RF2_100_114_1811.txt;100;114;0.0230303;1.67;
instancias/Spd_RF2_100_114_1819.txt;100;114;0.0230303;1.888;
instancias/Spd_RF2_100_114_1827.txt;100;114;0.0230303;1.888;
instancias/Spd_RF2_100_114_1835.txt;100;114;0.0230303;1.888;
instancias/Spd_RF2_100_114_1843.txt;100;114;0.0230303;1.809;
instancias/Spd_RF2_100_129_1851.txt;100;129;0.0260606;2.132;
instancias/Spd_RF2_100_129_1859.txt;100;129;0.0260606;2.398;
instancias/Spd_RF2_100_129_1867.txt;100;129;0.0260606;2.257;
instancias/Spd_RF2_100_129_1875.txt;100;129;0.0260606;2.398;
instancias/Spd_RF2_100_129_1883.txt;100;129;0.0260606;2.558;
instancias/Spd_RF2_100_144_1891.txt;100;144;0.0290909;2.865;
instancias/Spd_RF2_100_144_1899.txt;100;144;0.0290909;3.125;
instancias/Spd_RF2_100_144_1907.txt;100;144;0.0290909;2.455;
instancias/Spd_RF2_100_144_1915.txt;100;144;0.0290909;3.819;
instancias/Spd_RF2_100_144_1923.txt;100;144;0.0290909;2.644;
instancias/Spd_RF2_100_159_1931.txt;100;159;0.0321212;3.892;
instancias/Spd_RF2_100_159_1939.txt;100;159;0.0321212;3.459;
instancias/Spd_RF2_100_159_1947.txt;100;159;0.0321212;4.447;
instancias/Spd_RF2_100_159_1955.txt;100;159;0.0321212;3.892;
instancias/Spd_RF2_100_159_1963.txt;100;159;0.0321212;3.113;
instancias/Spd_RF2_100_174_1971.txt;100;174;0.0351515;4.741;
instancias/Spd_RF2_100_174_1979.txt;100;174;0.0351515;4.741;
instancias/Spd_RF2_100_174_1987.txt;100;174;0.0351515;3.556;
instancias/Spd_RF2_100_174_1995.txt;100;174;0.0351515;4.064;
instancias/Spd_RF2_100_174_2003.txt;100;174;0.0351515;7.112;
instancias/Spd_RF2_120_136_2211.txt;120;136;0.0190476;1.75;
instancias/Spd_RF2_120_136_2219.txt;120;136;0.0190476;1.81;
instancias/Spd_RF2_120_136_2227.txt;120;136;0.0190476;1.81;
instancias/Spd_RF2_120_136_2235.txt;120;136;0.0190476;1.75;
instancias/Spd_RF2_120_136_2243.txt;120;136;0.0190476;10;
instancias/Spd_RF2_120_152_2251.txt;120;152;0.0212885;2.237;
instancias/Spd_RF2_120_152_2259.txt;120;152;0.0212885;2.135;
instancias/Spd_RF2_120_152_2267.txt;120;152;0.0212885;2.135;
instancias/Spd_RF2_120_152_2275.txt;120;152;0.0212885;2.237;
instancias/Spd_RF2_120_152_2283.txt;120;152;0.0212885;2.042;
instancias/Spd_RF2_120_169_2291.txt;120;169;0.0236695;2.485;
instancias/Spd_RF2_120_169_2299.txt;120;169;0.0236695;2.641;
instancias/Spd_RF2_120_169_2307.txt;120;169;0.0236695;3.018;
instancias/Spd_RF2_120_169_2315.txt;120;169;0.0236695;2.485;
instancias/Spd_RF2_120_169_2323.txt;120;169;0.0236695;2.641;
instancias/Spd_RF2_120_185_2331.txt;120;185;0.0259104;3.509;
instancias/Spd_RF2_120_185_2339.txt;120;185;0.0259104;3.216;
instancias/Spd_RF2_120_185_2347.txt;120;185;0.0259104;2.969;
instancias/Spd_RF2_120_185_2355.txt;120;185;0.0259104;3.859;
instancias/Spd_RF2_120_185_2363.txt;120;185;0.0259104;3.216;
instancias/Spd_RF2_120_202_2371.txt;120;202;0.0282913;5.05;
instancias/Spd_RF2_120_202_2379.txt;120;202;0.0282913;2.946;
instancias/Spd_RF2_120_202_2387.txt;120;202;0.0282913;4.418;
instancias/Spd_RF2_120_202_2395.txt;120;202;0.0282913;5.05;
instancias/Spd_RF2_120_202_2403.txt;120;202;0.0282913;3.927;
instancias/Spd_RF2_140_157_2611.txt;140;157;0.0161357;1.771;
instancias/Spd_RF2_140_157_2619.txt;140;157;0.0161357;1.823;
instancias/Spd_RF2_140_157_2627.txt;140;157;0.0161357;1.771;
instancias/Spd_RF2_140_157_2635.txt;140;157;0.0161357;1.823;
instancias/Spd_RF2_140_157_2643.txt;140;157;0.0161357;1.878;
instancias/Spd_RF2_140_175_2651.txt;140;175;0.0179856;2.317;
instancias/Spd_RF2_140_175_2659.txt;140;175;0.0179856;2.059;
instancias/Spd_RF2_140_175_2667.txt;140;175;0.0179856;2.138;
instancias/Spd_RF2_140_175_2675.txt;140;175;0.0179856;2.224;
instancias/Spd_RF2_140_175_2683.txt;140;175;0.0179856;2.059;
instancias/Spd_RF2_140_193_2691.txt;140;193;0.0198356;2.801;
instancias/Spd_RF2_140_193_2699.txt;140;193;0.0198356;2.801;
instancias/Spd_RF2_140_193_2707.txt;140;193;0.0198356;2.653;
instancias/Spd_RF2_140_193_2715.txt;140;193;0.0198356;2.521;
instancias/Spd_RF2_140_193_2723.txt;140;193;0.0198356;2.653;
instancias/Spd_RF2_140_211_2731.txt;140;211;0.0216855;3.294;
instancias/Spd_RF2_140_211_2739.txt;140;211;0.0216855;2.713;
instancias/Spd_RF2_140_211_2747.txt;140;211;0.0216855;2.882;
instancias/Spd_RF2_140_211_2755.txt;140;211;0.0216855;3.294;
instancias/Spd_RF2_140_211_2763.txt;140;211;0.0216855;3.074;
instancias/Spd_RF2_140_229_2771.txt;140;229;0.0235355;4.249;
instancias/Spd_RF2_140_229_2779.txt;140;229;0.0235355;4.721;
instancias/Spd_RF2_140_229_2787.txt;140;229;0.0235355;3.863;
instancias/Spd_RF2_140_229_2795.txt;140;229;0.0235355;3.863;
instancias/Spd_RF2_140_229_2803.txt;140;229;0.0235355;3.541;
instancias/Spd_RF2_160_179_3011.txt;160;179;0.0140723;1.822;
instancias/Spd_RF2_160_179_3019.txt;160;179;0.0140723;1.822;
instancias/Spd_RF2_160_179_3027.txt;160;179;0.0140723;1.733;
instancias/Spd_RF2_160_179_3035.txt;160;179;0.0140723;1.777;
instancias/Spd_RF2_160_179_3043.txt;160;179;0.0140723;1.777;
instancias/Spd_RF2_160_198_3051.txt;160;198;0.015566;2.008;
instancias/Spd_RF2_160_198_3059.txt;160;198;0.015566;2.215;
instancias/Spd_RF2_160_198_3067.txt;160;198;0.015566;2.008;
instancias/Spd_RF2_160_198_3075.txt;160;198;0.015566;2.072;
instancias/Spd_RF2_160_198_3083.txt;160;198;0.015566;2.008;
instancias/Spd_RF2_160_218_3091.txt;160;218;0.0171384;2.652;
instancias/Spd_RF2_160_218_3099.txt;160;218;0.0171384;10;
instancias/Spd_RF2_160_218_3107.txt;160;218;0.0171384;2.779;
instancias/Spd_RF2_160_218_3115.txt;160;218;0.0171384;2.431;
instancias/Spd_RF2_160_218_3123.txt;160;218;0.0171384;2.334;
instancias/Spd_RF2_160_237_3131.txt;160;237;0.0186321;2.684;
instancias/Spd_RF2_160_237_3139.txt;160;237;0.0186321;3.354;
instancias/Spd_RF2_160_237_3147.txt;160;237;0.0186321;3.157;
instancias/Spd_RF2_160_237_3155.txt;160;237;0.0186321;3.354;
instancias/Spd_RF2_160_237_3163.txt;160;237;0.0186321;2.982;
instancias/Spd_RF2_160_257_3171.txt;160;257;0.0202044;3.093;
instancias/Spd_RF2_160_257_3179.txt;160;257;0.0202044;3.807;
instancias/Spd_RF2_160_257_3187.txt;160;257;0.0202044;4.125;
instancias/Spd_RF2_160_257_3195.txt;160;257;0.0202044;3.807;
instancias/Spd_RF2_160_257_3203.txt;160;257;0.0202044;3.807;
instancias/Spd_RF2_180_200_3411.txt;180;200;0.0124146;1.714;
instancias/Spd_RF2_180_200_3419.txt;180;200;0.0124146;1.714;
instancias/Spd_RF2_180_200_3427.txt;180;200;0.0124146;1.714;
instancias/Spd_RF2_180_200_3435.txt;180;200;0.0124146;1.751;
instancias/Spd_RF2_180_200_3443.txt;180;200;0.0124146;1.79;
instancias/Spd_RF2_180_221_3451.txt;180;221;0.0137182;2.209;
instancias/Spd_RF2_180_221_3459.txt;180;221;0.0137182;2.025;
instancias/Spd_RF2_180_221_3467.txt;180;221;0.0137182;2.144;
instancias/Spd_RF2_180_221_3475.txt;180;221;0.0137182;2.083;
instancias/Spd_RF2_180_221_3483.txt;180;221;0.0137182;1.97;
instancias/Spd_RF2_180_242_3491.txt;180;242;0.0150217;2.663;
instancias/Spd_RF2_180_242_3499.txt;180;242;0.0150217;2.56;
instancias/Spd_RF2_180_242_3507.txt;180;242;0.0150217;2.56;
instancias/Spd_RF2_180_242_3515.txt;180;242;0.0150217;2.663;
instancias/Spd_RF2_180_242_3523.txt;180;242;0.0150217;2.663;
instancias/Spd_RF2_180_263_3531.txt;180;263;0.0163253;3.224;
instancias/Spd_RF2_180_263_3539.txt;180;263;0.0163253;2.917;
instancias/Spd_RF2_180_263_3547.txt;180;263;0.0163253;2.917;
instancias/Spd_RF2_180_263_3555.txt;180;263;0.0163253;2.917;
instancias/Spd_RF2_180_263_3563.txt;180;263;0.0163253;2.663;
instancias/Spd_RF2_180_284_3571.txt;180;284;0.0176288;3.545;
instancias/Spd_RF2_180_284_3579.txt;180;284;0.0176288;3.337;
instancias/Spd_RF2_180_284_3587.txt;180;284;0.0176288;3.782;
instancias/Spd_RF2_180_284_3595.txt;180;284;0.0176288;2.836;
instancias/Spd_RF2_180_284_3603.txt;180;284;0.0176288;2.836;
instancias/Spd_RF2_200_222_3811.txt;200;222;0.0111558;1.758;
instancias/Spd_RF2_200_222_3819.txt;200;222;0.0111558;1.793;
instancias/Spd_RF2_200_222_3827.txt;200;222;0.0111558;1.793;
instancias/Spd_RF2_200_222_3835.txt;200;222;0.0111558;1.758;
instancias/Spd_RF2_200_222_3843.txt;200;222;0.0111558;1.758;
instancias/Spd_RF2_200_244_3851.txt;200;244;0.0122613;2.039;
instancias/Spd_RF2_200_244_3859.txt;200;244;0.0122613;1.942;
instancias/Spd_RF2_200_244_3867.txt;200;244;0.0122613;2.091;
instancias/Spd_RF2_200_244_3875.txt;200;244;0.0122613;2.204;
instancias/Spd_RF2_200_244_3883.txt;200;244;0.0122613;2.091;
instancias/Spd_RF2_200_267_3891.txt;200;267;0.0134171;2.404;
instancias/Spd_RF2_200_267_3899.txt;200;267;0.0134171;2.484;
instancias/Spd_RF2_200_267_3907.txt;200;267;0.0134171;2.484;
instancias/Spd_RF2_200_267_3915.txt;200;267;0.0134171;2.484;
instancias/Spd_RF2_200_267_3923.txt;200;267;0.0134171;2.404;
instancias/Spd_RF2_200_289_3931.txt;200;289;0.0145226;2.994;
instancias/Spd_RF2_200_289_3939.txt;200;289;0.0145226;2.754;
instancias/Spd_RF2_200_289_3947.txt;200;289;0.0145226;2.754;
instancias/Spd_RF2_200_289_3955.txt;200;289;0.0145226;2.648;
instancias/Spd_RF2_200_289_3963.txt;200;289;0.0145226;2.754;
instancias/Spd_RF2_200_312_3971.txt;200;312;0.0156784;3.543;
instancias/Spd_RF2_200_312_3979.txt;200;312;0.0156784;3.986;
instancias/Spd_RF2_200_312_3987.txt;200;312;0.0156784;3.357;
instancias/Spd_RF2_200_312_3995.txt;200;312;0.0156784;3.752;
instancias/Spd_RF2_200_312_4003.txt;200;312;0.0156784;3.189;
instancias/Spd_RF2_20_27_211.txt;20;27;0.142105;7.037;
instancias/Spd_RF2_20_27_219.txt;20;27;0.142105;3.519;
instancias/Spd_RF2_20_27_227.txt;20;27;0.142105;3.519;
instancias/Spd_RF2_20_27_235.txt;20;27;0.142105;2.346;
instancias/Spd_RF2_20_27_243.txt;20;27;0.142105;7.037;
instancias/Spd_RF2_20_34_251.txt;20;34;0.178947;5.588;
instancias/Spd_RF2_20_34_259.txt;20;34;0.178947;5.588;
instancias/Spd_RF2_20_34_267.txt;20;34;0.178947;5.588;
instancias/Spd_RF2_20_34_275.txt;20;34;0.178947;2.794;
instancias/Spd_RF2_20_34_283.txt;20;34;0.178947;5.588;
instancias/Spd_RF2_20_42_291.txt;20;42;0.221053;4.524;
instancias/Spd_RF2_20_42_299.txt;20;42;0.221053;10;
instancias/Spd_RF2_20_42_307.txt;20;42;0.221053;10;
instancias/Spd_RF2_20_42_315.txt;20;42;0.221053;10;
instancias/Spd_RF2_20_42_323.txt;20;42;0.221053;10;
instancias/Spd_RF2_20_49_331.txt;20;49;0.257895;10;
instancias/Spd_RF2_20_49_339.txt;20;49;0.257895;10;
instancias/Spd_RF2_20_49_347.txt;20;49;0.257895;10;
instancias/Spd_RF2_20_49_355.txt;20;49;0.257895;10;
instancias/Spd_RF2_20_49_363.txt;20;49;0.257895;10;
instancias/Spd_RF2_20_57_371.txt;20;57;0.3;10;
instancias/Spd_RF2_20_57_379.txt;20;57;0.3;10;
instancias/Spd_RF2_20_57_387.txt;20;57;0.3;10;
instancias/Spd_RF2_20_57_395.txt;20;57;0.3;10;
instancias/Spd_RF2_20_57_403.txt;20;57;0.3;10;
instancias/Spd_RF2_250_273_4011.txt;250;273;0.00877108;1.702;
instancias/Spd_RF2_250_273_4019.txt;250;273;0.00877108;1.754;
instancias/Spd_RF2_250_273_4027.txt;250;273;0.00877108;1.727;
instancias/Spd_RF2_250_273_4035.txt;250;273;0.00877108;1.727;
instancias/Spd_RF2_250_273_4043.txt;250;273;0.00877108;1.727;
instancias/Spd_RF2_250_297_4051.txt;250;297;0.00954217;2.055;
instancias/Spd_RF2_250_297_4059.txt;250;297;0.00954217;1.905;
instancias/Spd_RF2_250_297_4067.txt;250;297;0.00954217;2.055;
instancias/Spd_RF2_250_297_4075.txt;250;297;0.00954217;1.905;
instancias/Spd_RF2_250_297_4083.txt;250;297;0.00954217;1.977;
instancias/Spd_RF2_250_321_4091.txt;250;321;0.0103133;2.204;
instancias/Spd_RF2_250_321_4099.txt;250;321;0.0103133;2.255;
instancias/Spd_RF2_250_321_4107.txt;250;321;0.0103133;2.255;
instancias/Spd_RF2_250_321_4115.txt;250;321;0.0103133;2.255;
instancias/Spd_RF2_250_321_4123.txt;250;321;0.0103133;2.204;
instancias/Spd_RF2_250_345_4131.txt;250;345;0.0110843;2.91;
instancias/Spd_RF2_250_345_4139.txt;250;345;0.0110843;2.438;
instancias/Spd_RF2_250_345_4147.txt;250;345;0.0110843;2.506;
instancias/Spd_RF2_250_345_4155.txt;250;345;0.0110843;2.734;
instancias/Spd_RF2_250_345_4163.txt;250;345;0.0110843;2.578;
instancias/Spd_RF2_250_369_4171.txt;250;369;0.0118554;3.124;
instancias/Spd_RF2_250_369_4179.txt;250;369;0.0118554;3.374;
instancias/Spd_RF2_250_369_4187.txt;250;369;0.0118554;3.374;
instancias/Spd_RF2_250_369_4195.txt;250;369;0.0118554;3.012;
instancias/Spd_RF2_250_369_4203.txt;250;369;0.0118554;3.244;
instancias/Spd_RF2_300_326_4211.txt;300;326;0.00726867;1.698;
instancias/Spd_RF2_300_326_4219.txt;300;326;0.00726867;1.72;
instancias/Spd_RF2_300_326_4227.txt;300;326;0.00726867;1.698;
instancias/Spd_RF2_300_326_4235.txt;300;326;0.00726867;1.698;
instancias/Spd_RF2_300_326_4243.txt;300;326;0.00726867;1.678;
instancias/Spd_RF2_300_353_4251.txt;300;353;0.00787068;1.896;
instancias/Spd_RF2_300_353_4259.txt;300;353;0.00787068;1.896;
instancias/Spd_RF2_300_353_4267.txt;300;353;0.00787068;1.841;
instancias/Spd_RF2_300_353_4275.txt;300;353;0.00787068;1.868;
instancias/Spd_RF2_300_353_4283.txt;300;353;0.00787068;1.868;
instancias/Spd_RF2_300_380_4291.txt;300;380;0.00847269;2.035;
instancias/Spd_RF2_300_380_4299.txt;300;380;0.00847269;2.146;
instancias/Spd_RF2_300_380_4307.txt;300;380;0.00847269;2.186;
instancias/Spd_RF2_300_380_4315.txt;300;380;0.00847269;2.314;
instancias/Spd_RF2_300_380_4323.txt;300;380;0.00847269;2.146;
instancias/Spd_RF2_300_407_4331.txt;300;407;0.00907469;2.296;
instancias/Spd_RF2_300_407_4339.txt;300;407;0.00907469;2.345;
instancias/Spd_RF2_300_407_4347.txt;300;407;0.00907469;2.396;
instancias/Spd_RF2_300_407_4355.txt;300;407;0.00907469;2.504;
instancias/Spd_RF2_300_407_4363.txt;300;407;0.00907469;2.396;
instancias/Spd_RF2_300_434_4371.txt;300;434;0.0096767;2.871;
instancias/Spd_RF2_300_434_4379.txt;300;434;0.0096767;2.953;
instancias/Spd_RF2_300_434_4387.txt;300;434;0.0096767;2.871;
instancias/Spd_RF2_300_434_4395.txt;300;434;0.0096767;2.65;
instancias/Spd_RF2_300_434_4403.txt;300;434;0.0096767;2.584;
instancias/Spd_RF2_350_378_4411.txt;350;378;0.00618911;1.683;
instancias/Spd_RF2_350_378_4419.txt;350;378;0.00618911;1.737;
instancias/Spd_RF2_350_378_4427.txt;350;378;0.00618911;1.683;
instancias/Spd_RF2_350_378_4435.txt;350;378;0.00618911;1.719;
instancias/Spd_RF2_350_378_4443.txt;350;378;0.00618911;1.719;
instancias/Spd_RF2_350_406_4451.txt;350;406;0.00664756;1.835;
instancias/Spd_RF2_350_406_4459.txt;350;406;0.00664756;1.857;
instancias/Spd_RF2_350_406_4467.txt;350;406;0.00664756;1.835;
instancias/Spd_RF2_350_406_4475.txt;350;406;0.00664756;1.929;
instancias/Spd_RF2_350_406_4483.txt;350;406;0.00664756;1.88;
instancias/Spd_RF2_350_435_4491.txt;350;435;0.00712239;2.16;
instancias/Spd_RF2_350_435_4499.txt;350;435;0.00712239;2.194;
instancias/Spd_RF2_350_435_4507.txt;350;435;0.00712239;2.194;
instancias/Spd_RF2_350_435_4515.txt;350;435;0.00712239;2.035;
instancias/Spd_RF2_350_435_4523.txt;350;435;0.00712239;2.127;
instancias/Spd_RF2_350_463_4531.txt;350;463;0.00758084;2.236;
instancias/Spd_RF2_350_463_4539.txt;350;463;0.00758084;2.356;
instancias/Spd_RF2_350_463_4547.txt;350;463;0.00758084;2.314;
instancias/Spd_RF2_350_463_4555.txt;350;463;0.00758084;2.398;
instancias/Spd_RF2_350_463_4563.txt;350;463;0.00758084;2.356;
instancias/Spd_RF2_350_492_4571.txt;350;492;0.00805567;2.699;
instancias/Spd_RF2_350_492_4579.txt;350;492;0.00805567;2.483;
instancias/Spd_RF2_350_492_4587.txt;350;492;0.00805567;2.956;
instancias/Spd_RF2_350_492_4595.txt;350;492;0.00805567;3.028;
instancias/Spd_RF2_350_492_4603.txt;350;492;0.00805567;2.586;
instancias/Spd_RF2_400_429_4611.txt;400;429;0.00537594;1.661;
instancias/Spd_RF2_400_429_4619.txt;400;429;0.00537594;1.661;
instancias/Spd_RF2_400_429_4627.txt;400;429;0.00537594;1.661;
instancias/Spd_RF2_400_429_4635.txt;400;429;0.00537594;1.691;
instancias/Spd_RF2_400_429_4643.txt;400;429;0.00537594;1.646;
instancias/Spd_RF2_400_459_4651.txt;400;459;0.00575188;1.83;
instancias/Spd_RF2_400_459_4659.txt;400;459;0.00575188;1.911;
instancias/Spd_RF2_400_459_4667.txt;400;459;0.00575188;1.85;
instancias/Spd_RF2_400_459_4675.txt;400;459;0.00575188;1.811;
instancias/Spd_RF2_400_459_4683.txt;400;459;0.00575188;1.85;
instancias/Spd_RF2_400_489_4691.txt;400;489;0.00612782;2.147;
instancias/Spd_RF2_400_489_4699.txt;400;489;0.00612782;2.04;
instancias/Spd_RF2_400_489_4707.txt;400;489;0.00612782;2.04;
instancias/Spd_RF2_400_489_4715.txt;400;489;0.00612782;2.092;
instancias/Spd_RF2_400_489_4723.txt;400;489;0.00612782;2.015;
instancias/Spd_RF2_400_519_4731.txt;400;519;0.00650376;2.197;
instancias/Spd_RF2_400_519_4739.txt;400;519;0.00650376;2.365;
instancias/Spd_RF2_400_519_4747.txt;400;519;0.00650376;2.197;
instancias/Spd_RF2_400_519_4755.txt;400;519;0.00650376;2.261;
instancias/Spd_RF2_400_519_4763.txt;400;519;0.00650376;2.228;
instancias/Spd_RF2_400_549_4771.txt;400;549;0.0068797;2.55;
instancias/Spd_RF2_400_549_4779.txt;400;549;0.0068797;2.692;
instancias/Spd_RF2_400_549_4787.txt;400;549;0.0068797;2.596;
instancias/Spd_RF2_400_549_4795.txt;400;549;0.0068797;2.692;
instancias/Spd_RF2_400_549_4803.txt;400;549;0.0068797;2.464;
instancias/Spd_RF2_40_50_611.txt;40;50;0.0641026;1.95;
instancias/Spd_RF2_40_50_619.txt;40;50;0.0641026;2.229;
instancias/Spd_RF2_40_50_627.txt;40;50;0.0641026;2.229;
instancias/Spd_RF2_40_50_635.txt;40;50;0.0641026;1.95;
instancias/Spd_RF2_40_50_643.txt;40;50;0.0641026;2.229;
instancias/Spd_RF2_40_60_651.txt;40;60;0.0769231;4.333;
instancias/Spd_RF2_40_60_659.txt;40;60;0.0769231;4.333;
instancias/Spd_RF2_40_60_667.txt;40;60;0.0769231;3.25;
instancias/Spd_RF2_40_60_675.txt;40;60;0.0769231;4.333;
instancias/Spd_RF2_40_60_683.txt;40;60;0.0769231;3.25;
instancias/Spd_RF2_40_71_691.txt;40;71;0.0910256;10;
instancias/Spd_RF2_40_71_699.txt;40;71;0.0910256;5.493;
instancias/Spd_RF2_40_71_707.txt;40;71;0.0910256;5.493;
instancias/Spd_RF2_40_71_715.txt;40;71;0.0910256;5.493;
instancias/Spd_RF2_40_71_723.txt;40;71;0.0910256;10;
instancias/Spd_RF2_40_81_731.txt;40;81;0.103846;10;
instancias/Spd_RF2_40_81_739.txt;40;81;0.103846;9.63;
instancias/Spd_RF2_40_81_747.txt;40;81;0.103846;9.63;
instancias/Spd_RF2_40_81_755.txt;40;81;0.103846;9.63;
instancias/Spd_RF2_40_81_763.txt;40;81;0.103846;9.63;
instancias/Spd_RF2_40_92_771.txt;40;92;0.117949;8.478;
instancias/Spd_RF2_40_92_779.txt;40;92;0.117949;10;
instancias/Spd_RF2_40_92_787.txt;40;92;0.117949;8.478;
instancias/Spd_RF2_40_92_795.txt;40;92;0.117949;10;
instancias/Spd_RF2_40_92_803.txt;40;92;0.117949;8.478;
instancias/Spd_RF2_450_482_4811.txt;450;482;0.0047711;1.677;
instancias/Spd_RF2_450_482_4819.txt;450;482;0.0047711;1.663;
instancias/Spd_RF2_450_482_4827.txt;450;482;0.0047711;1.663;
instancias/Spd_RF2_450_482_4835.txt;450;482;0.0047711;1.663;
instancias/Spd_RF2_450_482_4843.txt;450;482;0.0047711;1.663;
instancias/Spd_RF2_450_515_4851.txt;450;515;0.00509775;1.833;
instancias/Spd_RF2_450_515_4859.txt;450;515;0.00509775;1.8;
instancias/Spd_RF2_450_515_4867.txt;450;515;0.00509775;1.851;
instancias/Spd_RF2_450_515_4875.txt;450;515;0.00509775;1.8;
instancias/Spd_RF2_450_515_4883.txt;450;515;0.00509775;1.851;
instancias/Spd_RF2_450_548_4891.txt;450;548;0.0054244;2.004;
instancias/Spd_RF2_450_548_4899.txt;450;548;0.0054244;2.095;
instancias/Spd_RF2_450_548_4907.txt;450;548;0.0054244;2.048;
instancias/Spd_RF2_450_548_4915.txt;450;548;0.0054244;2.071;
instancias/Spd_RF2_450_548_4923.txt;450;548;0.0054244;1.982;
instancias/Spd_RF2_450_581_4931.txt;450;581;0.00575105;2.258;
instancias/Spd_RF2_450_581_4939.txt;450;581;0.00575105;2.288;
instancias/Spd_RF2_450_581_4947.txt;450;581;0.00575105;2.201;
instancias/Spd_RF2_450_581_4955.txt;450;581;0.00575105;2.258;
instancias/Spd_RF2_450_581_4963.txt;450;581;0.00575105;2.258;
instancias/Spd_RF2_450_614_4971.txt;450;614;0.0060777;2.531;
instancias/Spd_RF2_450_614_4979.txt;450;614;0.0060777;2.493;
instancias/Spd_RF2_450_614_4987.txt;450;614;0.0060777;2.571;
instancias/Spd_RF2_450_614_4995.txt;450;614;0.0060777;2.42;
instancias/Spd_RF2_450_614_5003.txt;450;614;0.0060777;2.456;
instancias/Spd_RF2_500_534_5011.txt;500;534;0.00428056;1.657;
instancias/Spd_RF2_500_534_5019.txt;500;534;0.00428056;1.657;
instancias/Spd_RF2_500_534_5027.txt;500;534;0.00428056;1.657;
instancias/Spd_RF2_500_534_5035.txt;500;534;0.00428056;1.611;
instancias/Spd_RF2_500_534_5043.txt;500;534;0.00428056;1.669;
instancias/Spd_RF2_500_568_5051.txt;500;568;0.00455311;1.815;
instancias/Spd_RF2_500_568_5059.txt;500;568;0.00455311;1.846;
instancias/Spd_RF2_500_568_5067.txt;500;568;0.00455311;1.8;
instancias/Spd_RF2_500_568_5075.txt;500;568;0.00455311;1.815;
instancias/Spd_RF2_500_568_5083.txt;500;568;0.00455311;1.815;
instancias/Spd_RF2_500_603_5091.txt;500;603;0.00483367;1.898;
instancias/Spd_RF2_500_603_5099.txt;500;603;0.00483367;1.97;
instancias/Spd_RF2_500_603_5107.txt;500;603;0.00483367;1.933;
instancias/Spd_RF2_500_603_5115.txt;500;603;0.00483367;1.97;
instancias/Spd_RF2_500_603_5123.txt;500;603;0.00483367;2.028;
instancias/Spd_RF2_500_637_5131.txt;500;637;0.00510621;2.106;
instancias/Spd_RF2_500_637_5139.txt;500;637;0.00510621;2.152;
instancias/Spd_RF2_500_637_5147.txt;500;637;0.00510621;2.152;
instancias/Spd_RF2_500_637_5155.txt;500;637;0.00510621;2.277;
instancias/Spd_RF2_500_637_5163.txt;500;637;0.00510621;2.304;
instancias/Spd_RF2_500_672_5171.txt;500;672;0.00538677;2.292;
instancias/Spd_RF2_500_672_5179.txt;500;672;0.00538677;2.411;
instancias/Spd_RF2_500_672_5187.txt;500;672;0.00538677;2.615;
instancias/Spd_RF2_500_672_5195.txt;500;672;0.00538677;2.411;
instancias/Spd_RF2_500_672_5203.txt;500;672;0.00538677;2.443;
instancias/Spd_RF2_600_637_5211.txt;600;637;0.0035448;1.533;
instancias/Spd_RF2_600_637_5219.txt;600;637;0.0035448;1.533;
instancias/Spd_RF2_600_637_5227.txt;600;637;0.0035448;1.533;
instancias/Spd_RF2_600_637_5235.txt;600;637;0.0035448;1.533;
instancias/Spd_RF2_600_637_5243.txt;600;637;0.0035448;1.542;
instancias/Spd_RF2_600_674_5251.txt;600;674;0.0037507;1.606;
instancias/Spd_RF2_600_674_5259.txt;600;674;0.0037507;1.606;
instancias/Spd_RF2_600_674_5267.txt;600;674;0.0037507;1.578;
instancias/Spd_RF2_600_674_5275.txt;600;674;0.0037507;1.597;
instancias/Spd_RF2_600_674_5283.txt;600;674;0.0037507;1.587;
instancias/Spd_RF2_600_712_5291.txt;600;712;0.00396216;1.671;
instancias/Spd_RF2_600_712_5299.txt;600;712;0.00396216;1.65;
instancias/Spd_RF2_600_712_5307.txt;600;712;0.00396216;1.683;
instancias/Spd_RF2_600_712_5315.txt;600;712;0.00396216;1.683;
instancias/Spd_RF2_600_712_5323.txt;600;712;0.00396216;1.694;
instancias/Spd_RF2_600_749_5331.txt;600;749;0.00416806;1.764;
instancias/Spd_RF2_600_749_5339.txt;600;749;0.00416806;1.739;
instancias/Spd_RF2_600_749_5347.txt;600;749;0.00416806;1.726;
instancias/Spd_RF2_600_749_5355.txt;600;749;0.00416806;1.678;
instancias/Spd_RF2_600_749_5363.txt;600;749;0.00416806;1.739;
instancias/Spd_RF2_600_787_5371.txt;600;787;0.00437952;1.827;
instancias/Spd_RF2_600_787_5379.txt;600;787;0.00437952;1.872;
instancias/Spd_RF2_600_787_5387.txt;600;787;0.00437952;1.812;
instancias/Spd_RF2_600_787_5395.txt;600;787;0.00437952;1.784;
instancias/Spd_RF2_600_787_5403.txt;600;787;0.00437952;1.784;
instancias/Spd_RF2_60_107_1131.txt;60;107;0.060452;5.514;
instancias/Spd_RF2_60_107_1139.txt;60;107;0.060452;4.136;
instancias/Spd_RF2_60_107_1147.txt;60;107;0.060452;5.514;
instancias/Spd_RF2_60_107_1155.txt;60;107;0.060452;4.136;
instancias/Spd_RF2_60_107_1163.txt;60;107;0.060452;5.514;
instancias/Spd_RF2_60_119_1171.txt;60;119;0.0672316;7.437;
instancias/Spd_RF2_60_119_1179.txt;60;119;0.0672316;7.437;
instancias/Spd_RF2_60_119_1187.txt;60;119;0.0672316;10;
instancias/Spd_RF2_60_119_1195.txt;60;119;0.0672316;10;
instancias/Spd_RF2_60_119_1203.txt;60;119;0.0672316;7.437;
instancias/Spd_RF2_60_71_1011.txt;60;71;0.040113;10;
instancias/Spd_RF2_60_71_1019.txt;60;71;0.040113;1.781;
instancias/Spd_RF2_60_71_1027.txt;60;71;0.040113;1.918;
instancias/Spd_RF2_60_71_1035.txt;60;71;0.040113;2.077;
instancias/Spd_RF2_60_71_1043.txt;60;71;0.040113;1.662;
instancias/Spd_RF2_60_83_1051.txt;60;83;0.0468927;2.666;
instancias/Spd_RF2_60_83_1059.txt;60;83;0.0468927;3.046;
instancias/Spd_RF2_60_83_1067.txt;60;83;0.0468927;2.666;
instancias/Spd_RF2_60_83_1075.txt;60;83;0.0468927;2.133;
instancias/Spd_RF2_60_83_1083.txt;60;83;0.0468927;2.666;
instancias/Spd_RF2_60_95_1091.txt;60;95;0.0536723;2.662;
instancias/Spd_RF2_60_95_1099.txt;60;95;0.0536723;3.726;
instancias/Spd_RF2_60_95_1107.txt;60;95;0.0536723;6.211;
instancias/Spd_RF2_60_95_1115.txt;60;95;0.0536723;2.662;
instancias/Spd_RF2_60_95_1123.txt;60;95;0.0536723;3.726;
instancias/Spd_RF2_700_740_5411.txt;700;740;0.00302473;1.538;
instancias/Spd_RF2_700_740_5419.txt;700;740;0.00302473;1.545;
instancias/Spd_RF2_700_740_5427.txt;700;740;0.00302473;1.538;
instancias/Spd_RF2_700_740_5435.txt;700;740;0.00302473;1.545;
instancias/Spd_RF2_700_740_5443.txt;700;740;0.00302473;1.545;
instancias/Spd_RF2_700_780_5451.txt;700;780;0.00318823;1.576;
instancias/Spd_RF2_700_780_5459.txt;700;780;0.00318823;1.592;
instancias/Spd_RF2_700_780_5467.txt;700;780;0.00318823;1.576;
instancias/Spd_RF2_700_780_5475.txt;700;780;0.00318823;1.6;
instancias/Spd_RF2_700_780_5483.txt;700;780;0.00318823;1.576;
instancias/Spd_RF2_700_821_5491.txt;700;821;0.00335581;1.656;
instancias/Spd_RF2_700_821_5499.txt;700;821;0.00335581;1.684;
instancias/Spd_RF2_700_821_5507.txt;700;821;0.00335581;1.637;
instancias/Spd_RF2_700_821_5515.txt;700;821;0.00335581;1.665;
instancias/Spd_RF2_700_821_5523.txt;700;821;0.00335581;1.637;
instancias/Spd_RF2_700_861_5531.txt;700;861;0.00351931;1.722;
instancias/Spd_RF2_700_861_5539.txt;700;861;0.00351931;1.733;
instancias/Spd_RF2_700_861_5547.txt;700;861;0.00351931;1.743;
instancias/Spd_RF2_700_861_5555.txt;700;861;0.00351931;1.701;
instancias/Spd_RF2_700_861_5563.txt;700;861;0.00351931;1.765;
instancias/Spd_RF2_700_902_5571.txt;700;902;0.0036869;1.717;
instancias/Spd_RF2_700_902_5579.txt;700;902;0.0036869;1.784;
instancias/Spd_RF2_700_902_5587.txt;700;902;0.0036869;1.761;
instancias/Spd_RF2_700_902_5595.txt;700;902;0.0036869;1.773;
instancias/Spd_RF2_700_902_5603.txt;700;902;0.0036869;1.761;
instancias/Spd_RF2_800_1017_5771.txt;800;1017;0.0031821;1.786;
instancias/Spd_RF2_800_1017_5779.txt;800;1017;0.0031821;1.817;
instancias/Spd_RF2_800_1017_5787.txt;800;1017;0.0031821;1.765;
instancias/Spd_RF2_800_1017_5795.txt;800;1017;0.0031821;1.765;
instancias/Spd_RF2_800_1017_5803.txt;800;1017;0.0031821;1.786;
instancias/Spd_RF2_800_843_5611.txt;800;843;0.00263767;1.541;
instancias/Spd_RF2_800_843_5619.txt;800;843;0.00263767;1.554;
instancias/Spd_RF2_800_843_5627.txt;800;843;0.00263767;1.541;
instancias/Spd_RF2_800_843_5635.txt;800;843;0.00263767;1.535;
instancias/Spd_RF2_800_843_5643.txt;800;843;0.00263767;1.547;
instancias/Spd_RF2_800_886_5651.txt;800;886;0.00277222;1.575;
instancias/Spd_RF2_800_886_5659.txt;800;886;0.00277222;1.589;
instancias/Spd_RF2_800_886_5667.txt;800;886;0.00277222;1.589;
instancias/Spd_RF2_800_886_5675.txt;800;886;0.00277222;1.582;
instancias/Spd_RF2_800_886_5683.txt;800;886;0.00277222;1.589;
instancias/Spd_RF2_800_930_5691.txt;800;930;0.00290989;1.652;
instancias/Spd_RF2_800_930_5699.txt;800;930;0.00290989;1.668;
instancias/Spd_RF2_800_930_5707.txt;800;930;0.00290989;1.644;
instancias/Spd_RF2_800_930_5715.txt;800;930;0.00290989;1.621;
instancias/Spd_RF2_800_930_5723.txt;800;930;0.00290989;1.66;
instancias/Spd_RF2_800_973_5731.txt;800;973;0.00304443;1.667;
instancias/Spd_RF2_800_973_5739.txt;800;973;0.00304443;1.747;
instancias/Spd_RF2_800_973_5747.txt;800;973;0.00304443;1.667;
instancias/Spd_RF2_800_973_5755.txt;800;973;0.00304443;1.693;
instancias/Spd_RF2_800_973_5763.txt;800;973;0.00304443;1.684;
instancias/Spd_RF2_80_106_1451.txt;80;106;0.0335443;2.71;
instancias/Spd_RF2_80_106_1459.txt;80;106;0.0335443;2.484;
instancias/Spd_RF2_80_106_1467.txt;80;106;0.0335443;2.293;
instancias/Spd_RF2_80_106_1475.txt;80;106;0.0335443;2.484;
instancias/Spd_RF2_80_106_1483.txt;80;106;0.0335443;2.484;
instancias/Spd_RF2_80_120_1491.txt;80;120;0.0379747;3.292;
instancias/Spd_RF2_80_120_1499.txt;80;120;0.0379747;3.292;
instancias/Spd_RF2_80_120_1507.txt;80;120;0.0379747;3.292;
instancias/Spd_RF2_80_120_1515.txt;80;120;0.0379747;2.633;
instancias/Spd_RF2_80_120_1523.txt;80;120;0.0379747;2.633;
instancias/Spd_RF2_80_133_1531.txt;80;133;0.0420886;3.96;
instancias/Spd_RF2_80_133_1539.txt;80;133;0.0420886;3.96;
instancias/Spd_RF2_80_133_1547.txt;80;133;0.0420886;5.94;
instancias/Spd_RF2_80_133_1555.txt;80;133;0.0420886;4.752;
instancias/Spd_RF2_80_133_1563.txt;80;133;0.0420886;3.394;
instancias/Spd_RF2_80_147_1571.txt;80;147;0.046519;10;
instancias/Spd_RF2_80_147_1579.txt;80;147;0.046519;5.374;
instancias/Spd_RF2_80_147_1587.txt;80;147;0.046519;5.374;
instancias/Spd_RF2_80_147_1595.txt;80;147;0.046519;5.374;
instancias/Spd_RF2_80_147_1603.txt;80;147;0.046519;7.166;
instancias/Spd_RF2_80_93_1411.txt;80;93;0.0294304;2.124;
instancias/Spd_RF2_80_93_1419.txt;80;93;0.0294304;2.124;
instancias/Spd_RF2_80_93_1427.txt;80;93;0.0294304;1.999;
instancias/Spd_RF2_80_93_1435.txt;80;93;0.0294304;2.124;
instancias/Spd_RF2_80_93_1443.txt;80;93;0.0294304;1.999;
instancias/Spd_RF2_900_1034_5891.txt;900;1034;0.00255593;1.617;
instancias/Spd_RF2_900_1034_5899.txt;900;1034;0.00255593;1.63;
instancias/Spd_RF2_900_1034_5907.txt;900;1034;0.00255593;1.637;
instancias/Spd_RF2_900_1034_5915.txt;900;1034;0.00255593;1.617;
instancias/Spd_RF2_900_1034_5923.txt;900;1034;0.00255593;1.63;
instancias/Spd_RF2_900_1079_5931.txt;900;1079;0.00266716;1.689;
instancias/Spd_RF2_900_1079_5939.txt;900;1079;0.00266716;1.674;
instancias/Spd_RF2_900_1079_5947.txt;900;1079;0.00266716;1.659;
instancias/Spd_RF2_900_1079_5955.txt;900;1079;0.00266716;1.689;
instancias/Spd_RF2_900_1079_5963.txt;900;1079;0.00266716;1.689;
instancias/Spd_RF2_900_1124_5971.txt;900;1124;0.0027784;1.714;
instancias/Spd_RF2_900_1124_5979.txt;900;1124;0.0027784;1.714;
instancias/Spd_RF2_900_1124_5987.txt;900;1124;0.0027784;1.773;
instancias/Spd_RF2_900_1124_5995.txt;900;1124;0.0027784;1.756;
instancias/Spd_RF2_900_1124_6003.txt;900;1124;0.0027784;1.782;
instancias/Spd_RF2_900_944_5811.txt;900;944;0.00233346;1.531;
instancias/Spd_RF2_900_944_5819.txt;900;944;0.00233346;1.531;
instancias/Spd_RF2_900_944_5827.txt;900;944;0.00233346;1.536;
instancias/Spd_RF2_900_944_5835.txt;900;944;0.00233346;1.531;
instancias/Spd_RF2_900_944_5843.txt;900;944;0.00233346;1.536;
instancias/Spd_RF2_900_989_5851.txt;900;989;0.00244469;1.579;
instancias/Spd_RF2_900_989_5859.txt;900;989;0.00244469;1.579;
instancias/Spd_RF2_900_989_5867.txt;900;989;0.00244469;1.567;
instancias/Spd_RF2_900_989_5875.txt;900;989;0.00244469;1.573;
instancias/Spd_RF2_900_989_5883.txt;900;989;0.00244469;1.592;
